,Price,Adj Close,Close,High,Low,Open,Volume,slowk,slowd,Signal_Buy,Signal_Sell
0,2024-01-01,109.50868225097656,109.50868225097656,109.50868225097656,101.51280975341795,101.51280975341795,2157671990,,,False,False
1,2024-01-02,106.61122131347656,106.61122131347656,116.88249206542967,106.38898468017578,109.54906463623048,3782057553,,,False,False
2,2024-01-03,98.5944366455078,98.5944366455078,109.84809112548828,92.92366790771484,106.61653137207033,5472216595,,,False,False
3,2024-01-04,105.0775375366211,105.0775375366211,107.9824676513672,97.10832977294922,98.58697509765624,3272723247,,,False,False
4,2024-01-05,99.97879028320312,99.97879028320312,105.23542785644533,95.9427261352539,105.05200958251952,3022127826,,,False,False
5,2024-01-06,93.85771942138672,93.85771942138672,100.03740692138672,92.02278900146484,99.9879913330078,2235902092,,,False,False
6,2024-01-07,89.2763442993164,89.2763442993164,96.69239807128906,88.22345733642578,93.8603515625,2288061692,,,False,False
7,2024-01-08,97.79044342041016,97.79044342041016,99.76187133789062,85.64669799804688,89.2781753540039,4152448360,,,False,False
8,2024-01-09,99.40918731689452,99.40918731689452,103.7961654663086,95.89379119873048,97.81603240966795,4070131683,43.16505098871187,26.423466750602497,False,False
9,2024-01-10,102.03302001953124,102.03302001953124,105.0823745727539,92.56326293945312,99.38423919677734,4216429514,69.64558651354186,45.00566984458356,False,False
10,2024-01-11,99.90943908691406,99.90943908691406,106.93573760986328,98.4124984741211,102.10365295410156,4174026719,73.85447033173283,62.22170261132885,False,False
11,2024-01-12,91.72090911865234,91.72090911865234,100.2544937133789,88.30984497070312,99.91187286376952,2868799888,59.94611176653814,67.81538953727095,False,False
12,2024-01-13,95.73004913330078,95.73004913330078,96.91764831542967,89.7544937133789,91.7597427368164,1880329065,45.12197261859257,59.64085157228785,False,False
13,2024-01-14,94.13314056396484,94.13314056396484,102.173583984375,93.89056396484376,95.73265075683594,2736734725,33.211578718779066,46.0932210346366,False,False
14,2024-01-15,94.49022674560548,94.49022674560548,96.82123565673828,93.2411117553711,94.03654479980467,1755858499,34.76143292755777,37.69832808830981,False,False
15,2024-01-16,97.62691497802734,97.62691497802734,98.59530639648438,94.3966827392578,94.43834686279295,1806576879,43.88359442865278,37.285535358329874,False,False
16,2024-01-17,102.0635986328125,102.0635986328125,102.4337387084961,97.05516052246094,97.61580657958984,3220344763,65.82233516619968,48.15578750747008,False,False
17,2024-01-18,94.2509536743164,94.2509536743164,102.9231414794922,92.1405792236328,102.0294952392578,2684524713,61.28581445100698,56.99724801528649,False,False
18,2024-01-19,93.38616943359376,93.38616943359376,95.16472625732422,87.48365783691406,94.25067138671876,2631067383,51.627608796317354,59.57858613784135,False,False
19,2024-01-20,92.56983947753906,92.56983947753906,94.02531433105467,90.4937515258789,93.393798828125,1204443546,30.24825953818306,47.72056092850247,False,False
20,2024-01-21,90.8484344482422,90.8484344482422,93.71378326416016,90.8484344482422,92.58952331542967,894963197,30.988665555821314,37.62151129677392,False,False
21,2024-01-22,83.62281036376953,83.62281036376953,91.63616180419922,82.6597671508789,90.90369415283205,2662287481,19.829548708232775,27.022157934079058,False,False
22,2024-01-23,84.27450561523438,84.27450561523438,85.8401870727539,79.06669616699219,83.62184143066406,2990436327,19.63218475752465,23.483466340526252,False,False
23,2024-01-24,88.73200988769531,88.73200988769531,89.2677230834961,83.41868591308594,84.28726196289062,2352477736,33.905637042756446,24.455790169504628,False,False
24,2024-01-25,86.88921356201172,86.88921356201172,89.37682342529297,85.273681640625,88.73780059814453,1674093024,50.123641091923794,34.5538209640683,False,False
25,2024-01-26,92.44236755371094,92.44236755371094,93.52867126464844,86.14839172363281,86.88945007324219,2027305107,70.16962489657426,51.3996343437515,False,False
26,2024-01-27,94.16321563720705,94.16321563720705,94.43761444091795,90.84476470947266,92.38762664794922,1256585307,81.37000425913982,67.22109008254596,False,False
27,2024-01-28,95.93798065185548,95.93798065185548,99.37737274169922,93.538330078125,94.18190002441406,2425625612,89.71717386302362,80.41893433957924,False,False
28,2024-01-29,101.56666564941406,101.56666564941406,101.77191162109376,95.17613220214844,95.93798065185548,2604890575,91.80630698653188,87.63116170289844,False,False
29,2024-01-30,101.47297668457033,101.47297668457033,106.21345520019533,101.10939025878906,101.56666564941406,3328090833,84.52618931513123,88.68322338822891,False,True
30,2024-01-31,97.0287094116211,97.0287094116211,102.54806518554688,96.10359191894533,101.44925689697266,3814467068,71.78923595704055,82.70724408623455,False,False
31,2024-02-01,97.84669494628906,97.84669494628906,97.9441909790039,93.37918853759766,97.02484130859376,2951395444,50.47365432895066,68.92969320037416,False,False
32,2024-02-02,100.44052124023438,100.44052124023438,102.41262817382812,97.57415771484376,97.8346939086914,2574044077,43.35528930388967,55.20605986329363,False,False
33,2024-02-03,97.8799819946289,97.8799819946289,101.0589828491211,96.81257629394533,100.45113372802734,1349320819,41.63238147210443,45.153775034981585,False,False
34,2024-02-04,95.47695922851562,95.47695922851562,98.45758819580078,95.26637268066406,97.88506317138672,1304106726,37.65573099144118,40.881133922478426,False,False
35,2024-02-05,95.54866027832033,95.54866027832033,98.5440444946289,94.2925262451172,95.47146606445312,1635327054,27.32127745757789,35.53646330704117,False,False
36,2024-02-06,96.86107635498048,96.86107635498048,97.79078674316406,93.2807388305664,95.54961395263672,1699997346,28.700746478845804,31.225918309288293,False,False
37,2024-02-07,100.97927856445312,100.97927856445312,101.23660278320312,94.72022247314452,96.86189270019533,1733607189,53.32952909175858,36.45051767606076,False,False
38,2024-02-08,102.78563690185548,102.78563690185548,104.79804229736328,100.55369567871094,100.99549865722656,2288429230,72.83323025790344,51.621168609502604,False,False
39,2024-02-09,106.93333435058594,106.93333435058594,108.98772430419922,102.79017639160156,102.79017639160156,2852770180,88.73774982399755,71.63350305788651,False,False
40,2024-02-10,109.1314697265625,109.1314697265625,110.74279022216795,106.93366241455078,106.93366241455078,1836561570,86.74003027485723,82.77033678558605,False,False
41,2024-02-11,107.49528503417967,107.49528503417967,110.55686950683594,107.35765075683594,109.1166763305664,1370383843,85.80821944388704,87.09533318091393,False,True
42,2024-02-12,111.99275207519533,111.99275207519533,112.06966400146484,103.60929107666016,107.4926300048828,2650731894,89.94541772245849,87.49788914706757,False,False
43,2024-02-13,112.57930755615234,112.57930755615234,114.8106460571289,108.49378204345705,111.9772491455078,2709494768,86.83366193091287,87.5290996990861,False,True
44,2024-02-14,116.97632598876952,116.97632598876952,118.3277816772461,110.87847137451172,112.57496643066406,2391239729,90.52909289981783,89.10272418439638,False,False
45,2024-02-15,113.69940948486328,113.69940948486328,118.3064956665039,111.77587890625,116.98538970947266,2471486178,80.26972677338746,85.87749386803937,False,True
46,2024-02-16,110.44591522216795,110.44591522216795,114.25308990478516,108.34872436523438,113.6730728149414,1921299579,68.60707457011995,79.80196474777506,False,False
47,2024-02-17,108.98401641845705,108.98401641845705,111.0730438232422,106.1252212524414,110.44330596923828,1370606631,46.14369350835293,65.00683161728675,False,False
48,2024-02-18,112.17467498779295,112.17467498779295,114.00138092041016,107.60671997070312,108.98760223388672,1516321334,39.81744427890446,51.52273745245909,False,False
49,2024-02-19,111.4853286743164,111.4853286743164,114.71797943115234,111.08141326904295,112.17882537841795,1898655220,39.001986131661134,41.654374639639485,False,False
50,2024-02-20,108.45964050292967,108.45964050292967,112.0367431640625,104.89022827148438,111.4834442138672,2656976089,43.29928444139628,40.70623828398727,False,False
51,2024-02-21,105.1252212524414,105.1252212524414,108.45266723632812,100.41201782226562,108.45266723632812,2246861647,37.75610032999426,40.019123634350535,False,False
52,2024-02-22,101.66979217529295,101.66979217529295,106.9954071044922,101.64240264892578,105.12030792236328,1830636004,26.019138166969544,35.69150764612,False,False
53,2024-02-23,99.95469665527344,99.95469665527344,103.02283477783205,98.9583511352539,101.67462158203124,1483285120,16.01994252615665,26.598393674373458,False,False
54,2024-02-24,104.1335220336914,104.1335220336914,104.64539337158205,98.585205078125,99.95437622070312,1083637514,18.786936114240625,20.275338935788913,False,False
55,2024-02-25,103.4534912109375,103.4534912109375,104.32994079589844,102.17102813720705,104.1326675415039,909662462,32.30186964177405,22.36958276072375,False,False
56,2024-02-26,109.91853332519533,109.91853332519533,110.58035278320312,100.4552001953125,103.4507064819336,2334408023,61.688692441342084,37.59249939911889,False,False
57,2024-02-27,108.3880844116211,108.3880844116211,112.2047119140625,105.89693450927734,109.91878509521484,2723995106,71.93204129997969,55.30753446103191,False,False
58,2024-02-28,118.0522003173828,118.0522003173828,118.0522003173828,107.46087646484376,108.39923858642578,5029492553,88.81978793378074,74.14684055836749,False,False
59,2024-02-29,125.71151733398438,125.71151733398438,134.4656982421875,117.66751861572266,118.2387466430664,6950123902,82.07903785846513,80.94362236407517,False,False
60,2024-03-01,129.9904022216797,129.9904022216797,137.60186767578125,125.63670349121094,125.63670349121094,4743077738,84.59001721643213,85.16294766955932,False,True
61,2024-03-02,129.70018005371094,129.70018005371094,131.45486450195312,127.6808853149414,129.98231506347656,2741772676,76.2824902451842,80.98384844002713,False,False
62,2024-03-03,130.45086669921875,130.45086669921875,132.062744140625,125.76932525634766,129.7933807373047,2875614168,76.95398184428271,79.27549643529964,False,False
63,2024-03-04,133.194580078125,133.194580078125,134.87417602539062,127.7981414794922,130.42323303222656,4429758300,76.414412882403,76.55029499062327,False,False
64,2024-03-05,125.70671081542967,125.70671081542967,142.65093994140625,109.53875732421876,133.15936279296875,8980294607,67.6645430621939,73.67764592962651,False,False
65,2024-03-06,130.7420196533203,130.7420196533203,134.8106231689453,120.3173370361328,125.69921112060548,5146680159,63.58447461890134,69.22114352116604,False,False
66,2024-03-07,143.9778594970703,143.9778594970703,149.2247314453125,130.70175170898438,130.7420196533203,7111178325,66.54715421757142,65.93205729955552,False,False
67,2024-03-08,145.2400360107422,145.2400360107422,152.4179229736328,142.53614807128906,143.97727966308594,5474659974,78.02461737134371,69.38541540260546,False,False
68,2024-03-09,144.6072540283203,144.6072540283203,149.35128784179688,144.29037475585938,145.24032592773438,2946261381,83.94123071552107,76.17100076814536,False,False
69,2024-03-10,144.5151824951172,144.5151824951172,148.6719207763672,140.83999633789062,144.60733032226562,3407621981,80.14199512331577,80.7026144033935,False,True
70,2024-03-11,148.75096130371094,148.75096130371094,150.01797485351562,137.6329803466797,144.5144805908203,5383624184,80.0933096930047,81.39217851061382,False,False
71,2024-03-12,151.01544189453125,151.01544189453125,154.94229125976562,142.87014770507812,148.7496795654297,6413617983,78.60304052368632,79.61278178000224,False,False
72,2024-03-13,163.83981323242188,163.83981323242188,166.44876098632812,148.94561767578125,151.01544189453125,5917471836,83.79130533949741,80.82921851872943,False,False
73,2024-03-14,176.67974853515625,176.67974853515625,177.8926239013672,160.23355102539062,163.83993530273438,8399967972,88.41571335880917,83.6033530739976,False,False
74,2024-03-15,182.96469116210935,182.96469116210935,188.50135803222656,165.4127197265625,176.67974853515625,14093348410,92.34972712930575,88.1855819425374,False,False
75,2024-03-16,181.88034057617188,181.88034057617188,197.65599060058597,177.46127319335938,182.96751403808597,11794134069,85.76931509459133,88.84491852756871,False,True
76,2024-03-17,202.12356567382807,202.12356567382807,204.29254150390625,179.22560119628906,181.88034057617188,10876218562,85.46723503736932,87.86209242042209,False,False
77,2024-03-18,195.9927520751953,195.9927520751953,209.6960601806641,194.8494110107422,202.1226043701172,11137647410,79.86052379490988,83.69902464229014,False,False
78,2024-03-19,170.0162811279297,170.0162811279297,198.24107360839844,166.17674255371094,195.9927520751953,11658593922,59.59079625530037,74.97285169585982,False,False
79,2024-03-20,191.54962158203125,191.54962158203125,192.9118194580078,163.2962646484375,170.0162811279297,8673957460,47.86079528959633,62.43737177993549,False,False
80,2024-03-21,179.2207489013672,179.2207489013672,195.30612182617188,176.2833251953125,191.54962158203125,5613811275,35.20232669080293,47.551306078566505,False,False
81,2024-03-22,174.36370849609375,174.36370849609375,181.3232421875,167.8778533935547,179.23980712890625,4150938142,39.68787965585571,40.91700054541828,False,False
82,2024-03-23,172.90225219726562,172.90225219726562,178.80010986328125,171.0169677734375,174.36370849609375,2711581881,28.553846992285504,34.481351112981336,False,False
83,2024-03-24,183.57345581054688,183.57345581054688,186.62942504882807,171.67372131347656,172.8978729248047,2661231893,38.22936327947347,35.490363309204845,False,False
84,2024-03-25,189.0835418701172,189.0835418701172,194.4302673339844,181.2523498535156,183.57345581054688,4066489821,56.04966500694052,40.944291759566454,False,False
85,2024-03-26,190.69985961914065,190.69985961914065,196.2930450439453,186.75282287597656,189.08338928222656,3520179571,73.65872784904495,55.97925204515294,False,False
86,2024-03-27,186.3614654541016,186.3614654541016,192.49658203125,180.42044067382807,190.69998168945312,3844985014,72.77902185403487,67.49580490334007,False,False
87,2024-03-28,189.6216278076172,189.6216278076172,190.8834686279297,180.99761962890625,186.3614654541016,2910414256,71.30850317457083,72.58208429255018,False,False
88,2024-03-29,192.2279510498047,192.2279510498047,192.9698181152344,183.6461639404297,189.6216278076172,3031009580,69.33284636304346,71.14012379721635,False,False
89,2024-03-30,194.3855438232422,194.3855438232422,199.7309417724609,191.2167816162109,192.2278594970703,2999311846,73.20321557673027,71.28152170478148,False,False
90,2024-03-31,202.87413024902344,202.87413024902344,203.02679443359372,194.0353240966797,194.37579345703125,2342185476,82.01087580750432,74.84897924909264,False,False
91,2024-04-01,192.5678253173828,192.5678253173828,204.1797637939453,187.4888916015625,202.8744354248047,3872515434,73.8511243020608,76.35507189543175,False,False
92,2024-04-02,181.17225646972656,181.17225646972656,192.5694274902344,176.132080078125,192.5678253173828,4553269015,55.73490039417064,70.53230016791187,False,False
93,2024-04-03,185.2486114501953,185.2486114501953,191.6926727294922,177.3955078125,181.1727294921875,4160370221,33.46123457703878,54.349086424423355,False,False
94,2024-04-04,183.95811462402344,183.95811462402344,190.06968688964844,180.5122985839844,185.2486114501953,4101220964,26.12543996181626,38.440524977675175,False,False
95,2024-04-05,174.5015106201172,174.5015106201172,184.977783203125,168.23606872558594,183.95811462402344,7398400404,25.94585363551867,28.51084272479119,False,False
96,2024-04-06,178.91534423828125,178.91534423828125,179.69752502441406,173.8743133544922,174.5015106201172,4672922789,29.740420495830282,27.270571364388356,False,False
97,2024-04-07,179.6498565673828,179.6498565673828,182.5382080078125,177.0657958984375,178.91534423828125,1854793003,36.65927393315968,30.781849354836165,False,False
98,2024-04-08,180.78477478027344,180.78477478027344,184.3028717041016,175.58998107910156,179.65069580078125,2744377905,50.00693111836096,38.8022085157836,False,False
99,2024-04-09,172.4136199951172,172.4136199951172,180.82568359375,169.36776733398438,180.77951049804688,2688188866,43.69545112661702,43.453885392712515,False,False
100,2024-04-10,173.43736267089844,173.43736267089844,175.32261657714844,163.81312561035156,172.4142608642578,3344074648,43.132726615471164,45.61170295348301,False,False
101,2024-04-11,172.5763702392578,172.5763702392578,176.2355194091797,170.3934326171875,173.43736267089844,2712334365,38.230955820680855,41.68637785425631,False,False
102,2024-04-12,153.63546752929688,153.63546752929688,175.8086395263672,145.51638793945312,172.5763702392578,4727185451,36.89089153817297,39.41819132477496,False,False
103,2024-04-13,139.34169006347656,139.34169006347656,154.94395446777344,119.83334350585938,153.6344757080078,8976793985,31.895531575945324,35.67245964493301,False,False
104,2024-04-14,151.28494262695312,151.28494262695312,152.50100708007812,131.28717041015625,139.34169006347656,7110974218,36.22692089213064,35.00444800208294,False,False
105,2024-04-15,138.5086212158203,138.5086212158203,155.96116638183594,134.5725555419922,151.2994384765625,5699439234,40.28630828671671,36.13625358493085,False,False
106,2024-04-16,136.27932739257812,136.27932739257812,140.27830505371094,126.8652801513672,138.507568359375,5156084639,39.41826730929643,38.64383216271455,False,False
107,2024-04-17,131.86618041992188,131.86618041992188,142.60438537597656,127.5289535522461,136.27911376953125,4888546522,31.932665028664974,37.212413541559336,False,False
108,2024-04-18,142.0823974609375,142.0823974609375,143.72735595703125,128.07675170898438,131.86717224121094,4193561506,38.32899026171566,36.55997419989232,False,False
109,2024-04-19,142.6804962158203,142.6804962158203,147.3337860107422,128.86282348632812,142.0823974609375,5857667913,46.6538956281473,38.971850306175945,False,False
110,2024-04-20,151.13356018066406,151.13356018066406,152.09918212890625,140.00570678710938,142.67845153808594,2795892211,67.6095711213968,50.86415233708655,False,False
111,2024-04-21,148.60931396484375,148.60931396484375,153.42225646972656,147.16952514648438,151.1340789794922,2211663291,77.31374156111154,63.85906943688517,False,False
112,2024-04-22,157.03121948242188,157.03121948242188,158.37271118164062,146.99169921875,148.60931396484375,2959650502,91.05258776170372,78.65863348140398,False,False
113,2024-04-23,154.70130920410156,154.70130920410156,159.94459533691406,153.3231201171875,157.03121948242188,2750685937,86.70504000570259,85.02378977617258,False,False
114,2024-04-24,147.74514770507812,147.74514770507812,159.58090209960938,145.77056884765625,154.70130920410156,3932336720,72.50617500026412,83.42126758922343,False,True
115,2024-04-25,144.89212036132812,144.89212036132812,149.3037567138672,142.2645721435547,147.74961853027344,3674969172,45.60271979469437,68.27131160022033,False,False
116,2024-04-26,139.10433959960938,139.10433959960938,145.8546142578125,138.90838623046875,144.88917541503906,2564389027,18.202997605838206,45.43729746693219,False,False
117,2024-04-27,141.28916931152344,141.28916931152344,142.87451171875,134.02891540527344,139.10433959960938,2373155947,14.602697256493888,26.13613821900878,False,False
118,2024-04-28,137.85641479492188,137.85641479492188,144.51388549804688,137.23301696777344,141.28916931152344,1959005342,14.641892198836729,15.815862353722899,False,False
119,2024-04-29,137.7766571044922,137.7766571044922,138.7387237548828,133.70916748046875,137.8601837158203,2464951751,23.02562317332347,17.42340420955132,True,False
120,2024-04-30,126.96270751953124,126.96270751953124,139.6676483154297,121.63745880126952,137.7772979736328,3407320371,21.017177658306434,19.561564343488836,False,False
121,2024-05-01,134.6279754638672,134.6279754638672,135.11386108398438,119.3848114013672,126.9625473022461,4136407963,36.243914386478274,26.762238406036015,False,False
122,2024-05-02,137.81448364257812,137.81448364257812,140.28152465820312,128.26028442382812,134.6279754638672,3380078368,51.99636069983266,36.41915091487241,False,False
123,2024-05-03,143.77255249023438,143.77255249023438,144.9600372314453,136.12342834472656,137.81448364257812,3216962298,76.45213499647195,54.89747002759426,False,False
124,2024-05-04,146.1350555419922,146.1350555419922,148.9357452392578,142.56625366210938,143.77220153808594,3050187811,86.40647720111463,71.6183242991397,False,False
125,2024-05-05,145.71302795410156,145.71302795410156,147.91647338867188,143.47845458984375,146.1350555419922,2034794725,91.65791952620161,84.83884390792936,False,False
126,2024-05-06,152.80239868164062,152.80239868164062,156.62669372558594,145.58432006835938,145.71205139160156,2926902880,88.71169690052623,88.92536454261413,False,True
127,2024-05-07,148.1343231201172,148.1343231201172,159.05345153808594,148.0836181640625,152.80667114257812,2687619013,75.99774622769374,85.45578755147385,False,False
128,2024-05-08,142.29473876953125,142.29473876953125,149.81089782714844,140.16909790039062,148.1343231201172,2502237557,50.05165671548406,71.58703328123465,False,False
129,2024-05-09,152.84994506835938,152.84994506835938,153.08624267578125,140.78964233398438,142.29473876953125,2249863780,43.59558773727988,56.548330226819196,False,False
130,2024-05-10,146.21690368652344,146.21690368652344,155.41159057617188,144.9387969970703,152.8529052734375,2471594251,36.81053324768397,43.485925900149276,False,False
131,2024-05-11,145.3143768310547,145.3143768310547,147.4264373779297,143.33140563964844,146.2169647216797,1243751505,42.14058605128448,40.848902345416086,False,False
132,2024-05-12,143.52081298828125,143.52081298828125,147.57147216796875,142.8818359375,145.3143768310547,936690341,27.087007705154033,35.34604233470747,False,False
133,2024-05-13,147.28233337402344,147.28233337402344,150.54666137695312,138.03285217285156,143.52081298828125,2556255769,34.15283704628436,34.4601436009076,False,False
134,2024-05-14,142.0303955078125,142.0303955078125,148.8286895751953,141.9068603515625,147.27908325195312,2586166419,32.73825057520537,31.326031775547893,False,False
135,2024-05-15,158.18682861328125,158.18682861328125,158.64071655273438,141.35032653808594,142.0303955078125,3585715674,58.00765616564686,41.63291459571217,False,False
136,2024-05-16,159.116455078125,159.116455078125,164.31932067871094,156.7726287841797,158.18775939941406,3498272951,67.00235108407016,52.58275260830743,False,False
137,2024-05-17,169.53054809570312,169.53054809570312,171.6060791015625,159.116455078125,159.116455078125,3371355809,90.60748573073317,71.87249766015003,False,False
138,2024-05-18,172.5391387939453,172.5391387939453,175.7790985107422,168.9330596923828,169.53054809570312,2479657643,88.20477976819392,81.93820552766572,False,False
139,2024-05-19,170.0913543701172,170.0913543701172,175.1893310546875,166.7326202392578,172.53919982910156,2300080451,89.29565312787014,89.36930620893237,False,True
140,2024-05-20,186.5204925537109,186.5204925537109,187.44712829589844,168.0304412841797,170.0913543701172,4636864705,90.34939810007957,89.2832769987145,False,False
141,2024-05-21,178.11614990234375,178.11614990234375,188.49383544921875,174.71170043945312,186.5195159912109,4568414163,81.71112739827142,87.11872620874033,False,True
142,2024-05-22,176.86077880859375,176.86077880859375,183.0676727294922,175.4474639892578,178.1156768798828,3833758536,69.39865059891129,80.48639203242071,False,False
143,2024-05-23,175.98577880859375,175.98577880859375,180.165283203125,167.4036865234375,176.8631134033203,5117258940,51.24605017081091,67.4519427226645,False,False
144,2024-05-24,167.7969207763672,167.7969207763672,176.03147888183594,162.8658905029297,175.98577880859375,4013502065,36.10147096669145,52.24872391213784,False,False
145,2024-05-25,168.43763732910156,168.43763732910156,170.3550567626953,166.11300659179688,167.7969207763672,1875205755,27.834356471678934,38.39395920306038,False,False
146,2024-05-26,163.3509063720703,163.3509063720703,168.43927001953125,161.2638702392578,168.43763732910156,2543881488,16.851209352300366,26.92901226355687,False,False
147,2024-05-27,169.9961395263672,169.9961395263672,171.98854064941406,163.33544921875,163.3509063720703,2745440475,25.83727449885159,23.507613440943583,False,False
148,2024-05-28,168.65084838867188,168.65084838867188,173.0171356201172,164.97340393066406,169.9961395263672,3342283019,35.26413721245893,25.984207021203577,False,False
149,2024-05-29,168.0726776123047,168.0726776123047,173.64195251464844,167.3238525390625,168.65084838867188,2852496248,50.409161962501194,37.170191224603855,False,False
150,2024-05-30,166.97653198242188,166.97653198242188,172.41778564453125,163.6839599609375,168.0726776123047,2932316784,50.39329494652637,45.355531373828775,False,False
151,2024-05-31,165.63771057128906,165.63771057128906,170.63156127929688,163.93309020996094,166.97653198242188,2415920333,41.165447024325665,47.32263464445102,False,False
152,2024-06-01,166.03067016601562,166.03067016601562,167.73709106445312,165.5856170654297,165.63772583007812,1058869941,30.68515779191542,40.74796658758909,False,False
153,2024-06-02,163.24990844726562,163.24990844726562,166.9154815673828,161.6532440185547,166.0296173095703,1562269041,19.740704640044964,30.530436485428623,False,False
154,2024-06-03,164.9234619140625,164.9234619140625,167.03875732421875,161.8537139892578,163.25015258789062,2182487608,22.421234255395984,24.28236556245206,False,False
155,2024-06-04,171.8019256591797,171.8019256591797,171.8168182373047,164.51553344726562,164.92506408691406,2057558426,47.850358871222625,30.004099255554465,False,False
156,2024-06-05,173.48291015625,173.48291015625,175.47531127929688,171.38299560546875,171.8019256591797,2405906612,71.9394562581057,47.40368312824137,False,False
157,2024-06-06,170.01622009277344,170.01622009277344,174.30470275878906,167.8642120361328,173.48291015625,1965442993,81.98111879595268,67.2569779750936,False,False
158,2024-06-07,162.50704956054688,162.50704956054688,172.4381561279297,155.79876708984375,170.01583862304688,3298527575,60.06089106785472,71.32715537397097,False,False
159,2024-06-08,157.96890258789062,157.96890258789062,163.62017822265625,157.54295349121094,162.4967498779297,1722237785,35.20878678592743,59.08359888324488,False,False
160,2024-06-09,162.08360290527344,162.08360290527344,162.91897583007812,156.76876831054688,157.96371459960938,1475878151,25.687528660490628,40.319068838090864,False,False
161,2024-06-10,158.9280242919922,158.9280242919922,162.8277587890625,157.77020263671875,162.07888793945312,1815361482,19.959758850570854,26.95202476566291,False,False
162,2024-06-11,149.42898559570312,149.42898559570312,159.52310180664062,145.8651885986328,158.9341278076172,2812642453,20.753863686328888,22.133717065796727,False,False
163,2024-06-12,155.1775665283203,155.1775665283203,161.51483154296875,145.82144165039062,149.4223175048828,2853692260,27.629023779258347,22.780882105385967,False,False
164,2024-06-13,147.31442260742188,147.31442260742188,155.19235229492188,146.1722412109375,155.19235229492188,2085097655,24.903244953995863,24.428710806527636,False,False
165,2024-06-14,143.0944366455078,143.0944366455078,148.78933715820312,140.11538696289062,147.28204345703125,2330458883,24.804930209754275,25.779066314336102,False,False
166,2024-06-15,145.41221618652344,145.41221618652344,145.5409698486328,143.02365112304688,143.07408142089844,1065293341,15.533580354447485,21.747251839399144,False,False
167,2024-06-16,151.12550354003906,151.12550354003906,151.12550354003906,143.17953491210938,145.41796875,1147997523,29.77302577954312,23.37051211458156,False,False
168,2024-06-17,143.3342742919922,143.3342742919922,151.58477783203125,140.13880920410156,151.13723754882812,2244770232,32.517454050982764,25.941353394991058,False,False
169,2024-06-18,137.50399780273438,137.50399780273438,143.61065673828125,130.28907775878906,143.314697265625,4046511952,35.559961601932194,32.616813810819295,False,False
170,2024-06-19,135.60960388183594,135.60960388183594,141.66993713378906,134.73263549804688,137.4798126220703,2241396569,26.73781536301671,31.60507700531049,False,False
171,2024-06-20,133.47296142578125,133.47296142578125,141.0752410888672,132.087646484375,135.60960388183594,2343938226,24.60485728718457,28.967544750711095,False,False
172,2024-06-21,134.5883026123047,134.5883026123047,135.22915649414062,128.9219207763672,133.47195434570312,2214701928,21.645938007726077,24.329536885975724,False,False
173,2024-06-22,133.6702423095703,133.6702423095703,136.46005249023438,133.14248657226562,134.56765747070312,948392979,24.09335063241188,23.44804864244078,False,False
174,2024-06-23,128.59042358398438,128.59042358398438,135.005859375,128.2696990966797,133.66000366210938,1063910411,19.907548956508496,21.882279198882088,False,False
175,2024-06-24,132.24139404296875,132.24139404296875,132.3112335205078,123.6693344116211,128.59800720214844,3420423301,27.989231265956704,23.996710284958965,False,False
176,2024-06-25,136.5592041015625,136.5592041015625,139.72958374023438,131.29635620117188,132.26934814453125,2517391150,43.96695943144869,30.62124655130457,False,False
177,2024-06-26,136.60914611816406,136.60914611816406,140.16876220703125,134.92576599121094,136.5549774169922,1670038554,69.31109182462376,47.08909417400966,False,False
178,2024-06-27,149.44837951660156,149.44837951660156,150.7672119140625,135.2449951171875,136.61341857910156,2831651846,84.60612049528525,65.96139058378584,False,False
179,2024-06-28,139.70339965820312,139.70339965820312,150.0515899658203,139.30589294433594,149.4542694091797,2396070692,77.57660877923153,77.1646070330468,False,False
180,2024-06-29,140.01014709472656,140.01014709472656,142.8238525390625,139.6678009033203,139.7193145751953,1139066175,66.35233312513355,76.17835413321673,False,False
181,2024-06-30,146.49249267578125,146.49249267578125,147.19932556152344,137.14137268066406,140.01272583007812,1567841881,58.97984003617959,67.63626064684817,False,False
182,2024-07-01,146.59506225585938,146.59506225585938,148.7985076904297,145.8227996826172,146.4812774658203,1814659116,63.630008322571314,62.987393827961434,False,False
183,2024-07-02,153.7004852294922,153.7004852294922,154.7129669189453,146.12054443359375,146.5885467529297,2024773533,80.12499811800772,67.57828215891949,False,False
184,2024-07-03,140.73141479492188,140.73141479492188,154.197998046875,139.5172576904297,153.7111358642578,2813419415,62.5967787904921,68.783928410357,False,False
185,2024-07-04,127.55081939697266,127.55081939697266,142.51486206054688,127.55081939697266,140.71533203125,3243822145,38.22296825556705,60.31491505468892,False,False
186,2024-07-05,134.3693389892578,134.3693389892578,135.84579467773438,122.44230651855467,127.60507202148438,4644036182,19.130103467294276,39.9832835044511,False,False
187,2024-07-06,143.24118041992188,143.24118041992188,144.0084686279297,132.61329650878906,134.36329650878906,2078535871,33.80357055607294,30.385547426311376,False,False
188,2024-07-07,131.7740936279297,131.7740936279297,143.1870574951172,131.7740936279297,143.1870574951172,1842515124,43.598966447076975,32.17754682348135,False,False
189,2024-07-08,139.4636993408203,139.4636993408203,141.6341094970703,128.56292724609375,131.79702758789062,3692404575,57.587972825795795,44.99683660964852,False,False
190,2024-07-09,141.34844970703125,141.34844970703125,143.92938232421875,136.74093627929688,139.537353515625,2418798702,65.32611700947338,55.504352094115326,False,False
191,2024-07-10,141.97479248046875,141.97479248046875,145.8537139892578,138.85604858398438,141.3741455078125,1952272010,81.38623487384622,68.10010823637174,False,False
192,2024-07-11,135.8832244873047,135.8832244873047,145.32443237304688,135.84751892089844,141.98280334472656,2286890972,69.18957330819039,71.96730839716993,False,False
193,2024-07-12,139.52801513671875,139.52801513671875,140.42477416992188,134.15914916992188,135.86402893066406,1990173458,61.10624275814097,70.5606836467258,False,False
194,2024-07-13,141.9249725341797,141.9249725341797,143.367431640625,138.17953491210938,139.52639770507812,1131518484,57.38586466686252,62.56056024439791,False,False
195,2024-07-14,147.622314453125,147.622314453125,148.54705810546875,141.92665100097656,141.92665100097656,2009294488,74.46465430962712,64.31892057821015,False,False
196,2024-07-15,159.93397521972656,159.93397521972656,159.9420623779297,147.202880859375,147.6661376953125,2580623500,86.6489376857599,72.8331522207498,False,False
197,2024-07-16,160.5518798828125,160.5518798828125,162.46951293945312,153.05372619628906,159.77333068847656,3034234774,95.58926603164774,85.56761934234487,False,False
198,2024-07-17,155.5841064453125,155.5841064453125,163.59523010253906,155.06703186035156,160.56329345703125,2255652667,87.22488195499268,89.82102855746672,False,True
199,2024-07-18,159.07241821289062,159.07241821289062,161.587158203125,155.5660400390625,155.59104919433594,2044591406,80.27777938369259,87.69730912344427,False,False
200,2024-07-19,169.1858673095703,169.1858673095703,171.50674438476562,156.60653686523438,159.0923309326172,3617009839,79.35250998128295,82.285057106656,False,False
201,2024-07-20,173.89178466796875,173.89178466796875,174.831298828125,167.55731201171875,169.1826171875,1908476088,88.42125782958067,82.683849064852,False,False
202,2024-07-21,184.54161071777344,184.54161071777344,184.8703155517578,171.1182098388672,173.89373779296875,3080452915,95.01117757531982,87.59498179539442,False,False
203,2024-07-22,178.97828674316406,178.97828674316406,184.7924652099609,177.04412841796875,184.54556274414065,2808509242,91.49218984170125,91.6415417488672,False,True
204,2024-07-23,172.757568359375,172.757568359375,180.49615478515625,170.98854064941406,178.97828674316406,3230351478,78.64487575236302,88.38274772312798,False,False
205,2024-07-24,178.0323028564453,178.0323028564453,182.35760498046875,171.21041870117188,172.75851440429688,3112174836,65.84704819777053,78.66137126394487,False,False
206,2024-07-25,171.96307373046875,171.96307373046875,179.52093505859375,165.9325408935547,178.02952575683594,4067186719,49.830486648224735,64.77413686611938,False,False
207,2024-07-26,183.13671875,183.13671875,183.53836059570312,171.87789916992188,171.9625701904297,2816314095,61.18945325897337,58.95566270165616,False,False
208,2024-07-27,184.0854034423828,184.0854034423828,188.14059448242188,178.59835815429688,183.1380920410156,3248901126,68.2682517391893,59.76273054879575,False,False
209,2024-07-28,184.88607788085935,184.88607788085935,186.51461791992188,181.3953399658203,184.08599853515625,1852374783,86.10205029642366,71.85325176486207,False,False
210,2024-07-29,182.7805938720703,182.7805938720703,193.73228454589844,181.88536071777344,184.8871917724609,3654304391,75.89679852070435,76.75570018543905,False,False
211,2024-07-30,179.10719299316406,179.10719299316406,184.1801300048828,176.02243041992188,182.77159118652344,2766172800,59.676590459243634,73.89181309212383,False,False
212,2024-07-31,171.82615661621094,171.82615661621094,184.179443359375,171.81919860839844,179.10804748535156,3055204208,31.238730828232082,55.60403993605997,False,False
213,2024-08-01,167.672119140625,167.672119140625,172.68980407714844,157.98838806152344,171.82566833496094,4402828194,20.06770384479709,36.99434171075755,False,False
214,2024-08-02,152.6382293701172,152.6382293701172,169.04396057128906,150.08499145507812,167.66053771972656,4507521137,10.991147610710035,20.765860761246355,False,False
215,2024-08-03,142.9219970703125,142.9219970703125,153.77685546875,140.22140502929688,152.6382293701172,3620526646,13.028387421180403,14.695746292229126,False,False
216,2024-08-04,138.05508422851562,138.05508422851562,145.83766174316406,132.13967895507812,142.9219512939453,4333596296,7.786754736273777,10.602096589388022,False,False
217,2024-08-05,129.8643035888672,129.8643035888672,139.14146423339844,110.60955810546876,138.0526885986328,14114308949,16.175485561121334,12.330209239525123,True,False
218,2024-08-06,144.09036254882812,144.09036254882812,149.35296630859375,129.78857421875,129.86294555664062,5813459735,33.22645891531312,19.06289973756936,False,False
219,2024-08-07,144.63209533691406,144.63209533691406,155.00779724121094,142.7469024658203,144.0882110595703,5529725414,54.980888328409755,34.79427760161469,False,False
220,2024-08-08,162.9307403564453,162.9307403564453,163.02590942382812,142.01992797851562,144.63247680664062,5385642745,77.91506791461298,55.374138386111895,False,False
221,2024-08-09,156.45721435546875,156.45721435546875,163.24948120117188,151.22613525390625,162.9307403564453,3217916997,87.84851671963902,73.58149098755386,False,False
222,2024-08-10,153.95916748046875,153.95916748046875,158.5860595703125,152.873046875,156.45721435546875,1662980960,86.38349834794674,84.04902766073286,False,False
223,2024-08-11,141.52685546875,141.52685546875,157.93190002441406,141.34829711914062,153.961669921875,2411765937,53.38244986456158,75.87148831071573,False,False
224,2024-08-12,146.45423889160156,146.45423889160156,150.81463623046875,141.4407958984375,141.53207397460938,3380174341,32.121384345909604,57.2957775194726,False,False
225,2024-08-13,146.7126922607422,146.7126922607422,149.61012268066406,143.1520233154297,146.45455932617188,2224488388,16.20748787491152,33.90377402846086,False,False
226,2024-08-14,143.9234619140625,143.9234619140625,151.72604370117188,142.71792602539062,146.7126922607422,2714536693,20.915420825428956,23.08143101541665,False,False
227,2024-08-15,142.74581909179688,142.74581909179688,147.35154724121094,138.16192626953125,143.92266845703125,3032770371,20.872951820763166,19.331953507034502,True,False
228,2024-08-16,139.33056640625,139.33056640625,144.7954559326172,136.3846435546875,142.7428741455078,2707615564,19.109220930692416,20.299197858961467,False,False
229,2024-08-17,141.7985076904297,141.7985076904297,141.96282958984375,137.86630249023438,139.33056640625,1199702073,25.892605708162296,21.958259486539248,False,False
230,2024-08-18,142.58688354492188,142.58688354492188,146.96298217773438,140.95962524414062,141.7985076904297,1866239536,31.639934726722743,25.547253788525776,False,False
231,2024-08-19,144.34368896484375,144.34368896484375,145.9236297607422,140.74871826171875,142.58688354492188,2077549615,49.43022660996282,35.654255681615915,False,False
232,2024-08-20,143.16773986816406,143.16773986816406,148.6486053466797,141.36070251464844,144.3468475341797,2124392770,56.10353754121905,45.724566292634826,False,False
233,2024-08-21,142.70960998535156,142.70960998535156,144.1562957763672,139.26654052734375,142.33303833007812,1923259439,57.600511896739455,54.37809201597373,False,False
234,2024-08-22,143.2579345703125,143.2579345703125,144.81321716308594,140.9344024658203,142.70960998535156,1368400829,47.59034412981878,53.764797855925714,False,False
235,2024-08-23,153.10708618164062,153.10708618164062,153.771240234375,143.16477966308594,143.2579345703125,2560976300,60.96098896146342,55.383948329340505,False,False
236,2024-08-24,160.73175048828125,160.73175048828125,162.16932678222656,152.15208435058594,153.10833740234375,2749419604,77.22901988081297,61.92678432403168,False,False
237,2024-08-25,158.90911865234375,158.90911865234375,161.94796752929688,155.50714111328125,160.73175048828125,2085078554,91.6364215154726,76.60881011924961,False,False
238,2024-08-26,157.23687744140625,157.23687744140625,161.91110229492188,155.88449096679688,158.9114990234375,2588808155,85.42004931590917,84.7618302373982,False,False
239,2024-08-27,146.8970947265625,146.8970947265625,159.62355041503906,145.65640258789062,157.23658752441406,2783392784,60.72535780242813,79.26060954460324,False,False
240,2024-08-28,143.89138793945312,143.89138793945312,148.69497680664062,140.97080993652344,146.8970947265625,2932401182,36.72944444930737,60.9582838558815,False,False
241,2024-08-29,140.0540313720703,140.0540313720703,147.2205810546875,138.2660675048828,143.8910675048828,2098251665,13.65541864208902,37.03674029794145,False,False
242,2024-08-30,138.09999084472656,138.09999084472656,141.01318359375,132.4513397216797,140.0540313720703,2683385690,13.500438511757338,21.29510053438452,False,False
243,2024-08-31,135.37425231933594,135.37425231933594,138.99224853515625,134.6364288330078,138.09999084472656,892155699,12.493677529384827,13.216511561077004,False,False
244,2024-09-01,128.6905517578125,128.6905517578125,135.99781799316406,128.24325561523438,135.37425231933594,1974170865,10.706066136725347,12.233394059289113,False,False
245,2024-09-02,135.0023651123047,135.0023651123047,135.35238647460938,127.26619720458984,128.6905517578125,2092221241,17.237780046181456,13.479174570763819,True,False
246,2024-09-03,127.57758331298828,127.57758331298828,137.14476013183594,127.57423400878906,135.0023651123047,1787700523,14.407156861702019,14.117001014869551,False,False
247,2024-09-04,133.60391235351562,133.60391235351562,134.86917114257812,123.61295318603516,127.57758331298828,2663812153,35.332695549200665,22.325877485694658,False,False
248,2024-09-05,129.32894897460938,129.32894897460938,135.085205078125,128.14137268066406,133.6043701171875,1926178088,36.490002743309276,28.74328505140393,False,False
249,2024-09-06,124.99007415771484,124.99007415771484,134.16807556152344,121.05538177490234,129.32894897460938,3520537699,43.88670082816399,38.56979970689125,False,False
250,2024-09-07,127.72156524658205,127.72156524658205,129.2908935546875,124.26908111572266,124.99007415771484,1321261949,36.04286787416397,38.80652381521236,False,False
251,2024-09-08,129.98951721191406,129.98951721191406,131.51524353027344,126.81302642822266,127.72156524658205,1317794291,43.18900593980815,41.03952488071198,False,False
252,2024-09-09,135.02561950683594,135.02561950683594,136.18653869628906,127.21979522705078,129.98951721191406,2443769044,65.81314176186375,48.348338525278564,False,False
253,2024-09-10,135.63522338867188,135.63522338867188,137.8063507080078,132.63108825683594,135.0263671875,1642358500,81.0153401934013,63.33916263169101,False,False
254,2024-09-11,132.4973907470703,132.4973907470703,135.8038787841797,128.4340057373047,135.63494873046875,2122617674,80.04968615860567,75.62605603795686,False,False
255,2024-09-12,136.14190673828125,136.14190673828125,136.61480712890625,132.44332885742188,132.49708557128906,1597055803,77.56031224177707,79.5417795312613,False,False
256,2024-09-13,139.1005401611328,139.1005401611328,139.83250427246094,131.86395263671875,136.14190673828125,1668690414,79.94625191280538,79.18541677106266,False,False
257,2024-09-14,137.17977905273438,137.17977905273438,139.7345733642578,135.9435577392578,139.1025390625,952465288,85.261177550473,80.92258056835179,False,False
258,2024-09-15,131.4993896484375,131.4993896484375,137.92349243164062,130.9698028564453,137.17977905273438,1358403273,65.93896817767101,77.04879921364977,False,False
259,2024-09-16,131.47259521484375,131.47259521484375,132.29637145996094,129.13807678222656,131.4993896484375,1623218789,41.816529258092835,64.33889166207892,False,False
260,2024-09-17,131.53707885742188,131.53707885742188,135.4871368408203,130.47569274902344,131.47244262695312,1726861492,23.71814505910287,43.82454749828887,False,False
261,2024-09-18,133.99185180664062,133.99185180664062,133.99185180664062,127.25076293945312,131.53707885742188,2260675347,32.7534029277538,32.762692414983135,False,False
262,2024-09-19,142.83627319335938,142.83627319335938,143.9043731689453,133.99185180664062,133.99185180664062,2884543933,56.67242890407244,37.714658963643004,False,False
263,2024-09-20,146.56680297851562,146.56680297851562,151.7609405517578,141.316162109375,142.8365478515625,3241123621,75.46442191870891,54.963417916845025,False,False
264,2024-09-21,149.52703857421875,149.52703857421875,149.83645629882812,144.79803466796875,146.56680297851562,1385610390,87.76014549880058,73.29899877386062,False,False
265,2024-09-22,144.80364990234375,144.80364990234375,149.86582946777344,141.38461303710938,149.52703857421875,1597826979,80.43624920806555,81.22027220852499,False,True
266,2024-09-23,144.8149871826172,144.8149871826172,148.97042846679688,142.6438446044922,144.80364990234375,2344229720,74.47013750683352,80.88884407123318,False,False
267,2024-09-24,152.89215087890625,152.89215087890625,153.53628540039062,143.30413818359375,144.8149871826172,2927238360,75.75116562667102,76.88585078052334,False,False
268,2024-09-25,148.02342224121094,148.02342224121094,153.54763793945312,147.45013427734375,152.89096069335938,2138602628,70.07356755796187,73.43162356382211,False,False
269,2024-09-26,155.5760955810547,155.5760955810547,157.858154296875,146.87075805664062,148.02110290527344,3009969111,78.485974392624,74.7702358590856,False,False
270,2024-09-27,157.74993896484375,157.74993896484375,160.9813995361328,154.13027954101562,155.5760955810547,2765830721,74.36897639237704,74.30950611432094,False,False
271,2024-09-28,156.9124298095703,156.9124298095703,159.34521484375,155.29931640625,157.7519073486328,1300870644,81.8356454258382,78.23019873694638,False,False
272,2024-09-29,158.62916564941406,158.62916564941406,161.62306213378906,155.2430877685547,156.9124298095703,1773980028,79.68845865189006,78.6310268233684,False,False
273,2024-09-30,152.61846923828125,152.61846923828125,159.50892639160156,152.01983642578125,158.63241577148438,2376780676,65.21630467535715,75.58013625102843,False,False
274,2024-10-01,145.28988647460938,145.28988647460938,157.25819396972656,142.8423309326172,152.61846923828125,3656164855,43.89976130120342,62.93484154281685,False,False
275,2024-10-02,140.38555908203125,140.38555908203125,148.82568359375,138.9187469482422,145.28988647460938,2892264150,19.484738788949585,42.866934921836695,False,False
276,2024-10-03,136.78518676757812,136.78518676757812,142.80543518066406,133.55316162109375,140.38490295410156,2914986844,10.335657134360765,24.573385741504563,False,False
277,2024-10-04,143.17227172851562,143.17227172851562,144.42678833007812,136.0756378173828,136.78518676757812,2361841303,18.344776874122946,16.055057599144405,True,False
278,2024-10-05,142.7117462158203,142.7117462158203,144.83428955078125,141.16966247558594,143.17227172851562,1113937760,29.06981480840439,19.250082938962674,False,False
279,2024-10-06,146.44236755371094,146.44236755371094,146.62001037597656,142.11424255371094,142.7117156982422,1168715645,53.36332893259982,33.59264020504236,False,False
280,2024-10-07,143.99179077148438,143.99179077148438,152.1038360595703,143.60458374023438,146.44354248046875,2678803498,59.76708180434403,47.40007518178272,False,False
281,2024-10-08,143.39442443847656,143.39442443847656,145.44879150390625,141.2363739013672,143.99179077148438,1710617951,62.109191496895484,58.413200744613086,False,False
282,2024-10-09,139.31553649902344,139.31553649902344,145.1295166015625,138.7974395751953,143.3953399658203,1697499287,35.27547425805728,52.383915853098905,False,False
283,2024-10-10,138.88841247558594,138.88841247558594,140.58058166503906,135.58270263671875,139.3137664794922,1770157917,23.188170851372124,40.19094553544161,False,False
284,2024-10-11,145.3811492919922,145.3811492919922,146.43063354492188,138.755859375,138.88674926757812,1797846253,27.737044101715714,28.73356307038168,False,False
285,2024-10-12,146.5002899169922,146.5002899169922,147.13690185546875,144.7617645263672,145.3811492919922,1118630507,57.9359169345204,36.28704396253605,False,False
286,2024-10-13,147.5724334716797,147.5724334716797,148.7133331298828,144.62364196777344,146.50033569335938,1294444111,81.70331069639562,55.79209057754389,False,False
287,2024-10-14,157.44512939453125,157.44512939453125,157.7541046142578,147.00582885742188,147.57025146484375,2929339176,94.80259821368698,78.1472752815343,False,False
288,2024-10-15,154.7206268310547,154.7206268310547,158.71575927734375,150.90951538085938,157.44512939453125,3451652506,89.96726304442579,88.82439065150277,False,False
289,2024-10-16,154.23422241210938,154.23422241210938,158.1370391845703,153.08169555664062,154.7206268310547,2397546608,82.26296739475285,89.01094288428851,False,True
290,2024-10-17,150.31602478027344,150.31602478027344,155.5516357421875,147.94349670410156,154.23817443847656,2157747733,62.85885650881039,78.36302898266298,False,False
291,2024-10-18,154.97593688964844,154.97593688964844,156.53741455078125,149.70101928710938,150.3227081298828,1754226839,58.88505880694035,68.0022942368345,False,False
292,2024-10-19,159.6393585205078,159.6393585205078,159.71041870117188,153.91282653808594,154.97593688964844,1440375026,69.28433566299691,63.676083659582524,False,False
293,2024-10-20,166.9398193359375,166.9398193359375,167.5856475830078,157.76573181152344,159.64122009277344,2579198899,88.05698133488677,72.07545860160798,False,False
294,2024-10-21,166.2168731689453,166.2168731689453,171.4306640625,161.8105010986328,166.93861389160156,3924173188,91.30322165510789,82.88151288433049,False,False
295,2024-10-22,167.26014709472656,167.26014709472656,170.7600860595703,163.28536987304688,166.2176055908203,3470792372,85.10693670702784,88.1557132323408,False,True
296,2024-10-23,170.9324951171875,170.9324951171875,173.8150177001953,164.19381713867188,167.26063537597656,3861697575,81.37511262730372,85.92842366314646,False,False
297,2024-10-24,177.1569366455078,177.1569366455078,178.99530029296875,170.5173797607422,171.11087036132812,3529481044,85.88811835373328,84.12338922935491,False,False
298,2024-10-25,164.75689697265625,164.75689697265625,177.1919403076172,160.0352783203125,177.15713500976562,4869966180,67.25337692961675,78.17220263688455,False,False
299,2024-10-26,170.70596313476562,170.70596313476562,172.8228302001953,162.443359375,164.75599670410156,2755373492,57.50783070603227,70.21644199646073,False,False
300,2024-10-27,176.5491943359375,176.5491943359375,177.89515686035156,170.19244384765625,170.70596313476562,2427933420,56.09385110143213,60.285019579027015,False,False
301,2024-10-28,178.1049041748047,178.1049041748047,179.40797424316406,172.87225341796875,176.55368041992188,3623055701,78.88406912397728,64.16191697714719,False,False
302,2024-10-29,179.36074829101562,179.36074829101562,183.03944396972656,176.85548400878906,178.1036376953125,3919545873,88.12695221647105,74.36829081396012,False,False
303,2024-10-30,174.9249725341797,174.9249725341797,181.1526641845703,173.39939880371094,179.36074829101562,2772422773,79.29470601891306,82.10190911978708,False,True
304,2024-10-31,168.42999267578125,168.42999267578125,176.27984619140625,167.5767822265625,174.92507934570312,2652620406,50.04277218284222,72.48814347274207,False,False
305,2024-11-01,166.2621307373047,166.2621307373047,173.8500213623047,164.0325469970703,168.4302215576172,3157093060,25.95004748118323,51.76250856097945,False,False
306,2024-11-02,166.01034545898438,166.01034545898438,168.4605712890625,162.38702392578125,166.2621307373047,1618170398,11.597521328799814,29.196780330941696,False,False
307,2024-11-03,162.55130004882812,162.55130004882812,166.37632751464844,158.1367645263672,166.01034545898438,2645801646,16.151687279639415,17.899752029874094,False,False
308,2024-11-04,157.74710083007812,157.74710083007812,164.71389770507812,155.16552734375,162.55169677734375,2809006700,16.317105631696304,14.688771413378452,True,False
309,2024-11-05,166.72239685058594,166.72239685058594,169.12664794921875,156.98818969726562,157.74710083007812,3243848057,31.086583674333085,21.18512552855621,False,False
310,2024-11-06,186.9547882080078,186.9547882080078,189.9154815673828,166.6982421875,166.72239685058594,9822932731,55.18646179783227,34.19671703462049,False,False
311,2024-11-07,196.3345947265625,196.3345947265625,197.90093994140625,186.13604736328125,186.9547882080078,4700842780,83.22250703589641,56.498517502687186,False,False
312,2024-11-08,199.9390106201172,199.9390106201172,204.96975708007807,196.02374267578125,196.3345947265625,5673142495,92.5712497366119,76.99340619011345,False,False
313,2024-11-09,200.1949157714844,200.1949157714844,203.3472900390625,195.4741058349609,199.93960571289065,3363617004,92.09411126517979,89.29595601256263,False,False
314,2024-11-10,210.6137237548828,210.6137237548828,215.1790771484375,198.9831085205078,200.19595336914065,8564655765,90.17690966268204,91.61409022149117,False,True
315,2024-11-11,222.6416778564453,222.6416778564453,223.2198028564453,204.5623016357422,210.6137237548828,10290809023,93.02426685560904,91.76509592782355,False,False
316,2024-11-12,212.2318115234375,212.2318115234375,225.0115203857422,205.44786071777344,222.6416778564453,11308516682,81.9193450507582,88.37350718968302,False,True
317,2024-11-13,215.1845550537109,215.1845550537109,220.3391876220703,201.4705810546875,212.2080078125,11296665808,73.96843486241939,82.97068225626214,False,False
318,2024-11-14,209.2190704345703,209.2190704345703,222.6391448974609,207.49681091308597,215.18446350097656,8094554275,54.263461909809166,70.05041394099551,False,False
319,2024-11-15,218.09490966796875,218.09490966796875,219.53878784179688,204.82801818847656,209.2362365722656,6109860311,58.891785868536516,62.37456088025496,False,False
320,2024-11-16,215.8488311767578,215.8488311767578,221.6623687744141,213.8047790527344,218.56936645507807,4698955745,57.00751627494653,56.72092135109734,False,False
321,2024-11-17,237.57553100585935,237.57553100585935,241.2353363037109,212.7281646728516,215.8477935791016,9981076722,74.16426591634732,63.35452268661006,False,False
322,2024-11-18,239.79425048828125,239.79425048828125,248.19281005859372,234.4010467529297,237.57553100585935,8798714213,77.5022558184423,69.55801266991199,False,False
323,2024-11-19,238.09754943847656,238.09754943847656,247.09056091308597,234.15306091308597,239.80088806152344,6711919414,82.71642426701969,78.1276486672697,False,False
324,2024-11-20,235.4236602783203,235.4236602783203,242.10787963867188,230.9105529785156,238.0925750732422,6454141445,73.78253997059082,78.00040668535087,False,False
325,2024-11-21,257.0658874511719,257.0658874511719,259.0535583496094,230.3415679931641,235.42739868164065,10735314060,78.80805961118091,78.43567461626374,False,False
326,2024-11-22,256.5186767578125,256.5186767578125,263.70086669921875,252.1354217529297,257.0814208984375,7249493783,79.39141159185868,77.32733705787673,False,False
327,2024-11-23,255.1785125732422,255.1785125732422,263.83154296875,253.18743896484372,256.5181579589844,6234742858,82.78061836563653,80.32669652289196,False,False
328,2024-11-24,252.9195251464844,252.9195251464844,259.6256408691406,243.1221618652344,255.1785125732422,5330146683,73.34986313884492,78.50729769877996,False,False
329,2024-11-25,234.4466094970703,234.4466094970703,256.4226989746094,231.55198669433597,252.9160614013672,6616015635,51.27897057240012,69.13648402562711,False,False
330,2024-11-26,230.9781951904297,230.9781951904297,239.63780212402344,222.9571990966797,234.4456787109375,6996936265,33.09937742245007,52.5760703778983,False,False
331,2024-11-27,242.30221557617188,242.30221557617188,243.1248016357422,228.1300506591797,230.9722137451172,5381404312,26.40302918012817,36.92712572499271,False,False
332,2024-11-28,237.76400756835935,237.76400756835935,245.20445251464844,233.20286560058597,242.3004608154297,4047310070,35.777271407122846,31.759892669900285,False,False
333,2024-11-29,243.54949951171875,243.54949951171875,246.7762908935547,236.8212432861328,237.76397705078125,4152396835,49.74706353948242,37.30912137557774,False,False
334,2024-11-30,237.7437438964844,237.7437438964844,245.23687744140625,237.7225341796875,243.54884338378903,3549156564,54.66390500729424,46.729413317966426,False,False
